NumThreads,Overhead(s)
1000000,0.00001004
2000000,0.00001660
3000000,0.00002263
4000000,0.00002909
5000000,0.00003545
6000000,0.00004179
7000000,0.00004813
8000000,0.00005437
1000,0.00000369
10000,0.00000389
100000,0.00000451
1000000,0.00001014
10000000,0.00006718
